loan_id,customer_id,loan_amount,interest_rate,loan_status,default,approval_date
L000781,C01314,93424.11,9.14,Active,N,2024-01-08
L000672,C01698,38992 USD,10.3,Charged Off,1,2022-10-18
L000873,C01370,61262.89,11.05,Closed,0,2023-05-14
L000021,C01174,230091 USD,5.55,Current,N,2022-09-04
L000363,C01596,45868.84,5.61,Active,No,2023-05-13
L000016,C01579,15932 USD,3.19,Open,No,2022-08-08
L000949,cust_01712,72405.36,13.75,Charged Off,1,2023-07-20
L000208,C01816,"$10,327.36",14.83,Active,0,2023-10-02
L000257,C01179,12291.64,6.68,Active,0,2024-02-01
L001123,C01199,"$100,902.89",6.51,Closed,0,2024-03-28
L000759,C01837,30527.07,11.3,ACTIVE,0,2023-03-26
L000384,C01430,107962 CAD,2.98,Active,0,2023-10-26
L000746,C01544,95313.16,13.48,Active,0,2023-09-11
L000697,01102,166699.31,5.15,Closed,0,2024-02-01
L001079,C01432,62167.14,nan,Active,0,2022-09-30
L000668,C01270,15408.81,12.41,Active,FALSE,2022-06-22
L000561,C01648,6762.79,9.3,Active,N,2022-02-28
L000665,C01227,56344 USD,7.05,closed,0,2022-07-22
L000129,C01684,43105.87,8.45,Closed,0,2024-04-18
L000475,C01074,"83,354",7.54,Active,0,2024-01-01
L001093,C01402,51166.88,12.49,Charged Off,0,2023-06-12
L001060,C01060,"$15,139.22",5.84,Charged Off,0,2022-05-08
L000267,C01417,73471.55,10.99,Active,0,2023-08-10
L000150,C01115,56063.98,8.78,Closed,0,2022-08-25
L001073,C01544,"$30,942.40",8.42,Active,0,2023-04-29
L001115,C01625,88861 CAD,10.4,Charged Off,1,2022-12-01
L000308,C01033,183723.4,8.47,Active,0,2022-12-18
L001235,1119,"48,731",8.28,Active,0,2024-05-18
L001198,C01104,66907.28,7.85,Active,0,2022-05-05
L000911,C01565,"53,161",2.20%,CLOSED,0,2023-04-07
L001212,C01654,65035.97,8.78,Closed,0,2023-08-09
L000445,C01584,"13,936",12.57,Charged Off,1,2022-12-20
L000611,C01069,166216.01,9.03,Active,0,2024-04-07
L000511,C01581,40966.57,2.99,Active,0,2023-06-17
L000849,C01626,19578.85,6.47,Active,FALSE,2022-07-21
L001108,C01552,64799 CAD,10.8,Active,0,2022-09-19
L000559,C01716,"$38,005.07",12.26,Active,0,2022-09-22
L000783,C01394,153453.31,6.56,Active,No,2024-01-10
L000374,C01111,-78203.51,14.03,Active,1,2022-12-01
L001043,C01477,10726.16,6.82,Closed,Y,2023-01-16
L000537,C01059,18051.12,5.6,Active,0,2023-04-17
L000027,C01325,14578.03,2.93,Active,N,2023-11-22
L000399,C01511,"$73,167.15",11.87,Active,0,2023-10-27
L000507,C01806,21065.03,9.73,Active,0,2024-01-14
L000677,C01677,30303 USD,7.79,closed,0,2022-12-29
L000693,C01448,54406.39,11.53,Closed,FALSE,2023-09-27
L000406,C01339,38065.15,6.31,Closed,0,2023-02-26
L000067,C01418,"$108,954.65",11.03,Active,1,2024-02-02
L000647,C01322,6004.29,13.17,ACTIVE,0,2023-05-06
L000266,C01414,"25,496",-1,Closed,0,2024-02-04
L000161,C01686,36346.2,11.85,Closed,0,2023-02-21
L001181,C01806,54920.02,7.28,Active,0,2023-01-08
L000584,C01300,81476 USD,-3,Active,0,2023-04-09
L001141,1249,123029 CAD,7.68,Active,0,2022-10-21
L000021,C01174,230091 USD,5.55,Current,N,2022-09-04
L001002,C01489,116744.37,12.18,Active,1,2023-12-26
L000418,C01020,"$43,257.32",11.88,Active,1,2023-07-11
L000080,C01315,77959.64,6.45,ACTIVE,Good,2022-05-02
L000662,1102,75073 USD,9.26,CLOSED,0,2024-01-19
L000407,C01221,38213 CAD,8.06,Active,0,2022-11-24
L000866,C01571,33738.64,11.85,Active,No,2023-03-15
L000284,C01422,98287.22,5.37,Active,0,2022-02-22
L000232,C01063,44187 CAD,6.23,Active,Good,2024-03-06
L000442,C01692,"37,724",6.03,Closed,0,2022-11-12
L000008,C01665,17785.46,9.26,Active,N,2023-09-04
L000814,C01174,135242.49,12.28,Active,0,2024-01-18
L000725,C01419,17211.29,7.7,Closed,0,2022-10-20
L000683,C01848,50503.36,4.4,Active,N,2022-07-05
L000955,C01691,37866.49,8.21,Active,0,2023-06-02
L000784,C01344,"$99,599.31",6.37,Active,0,2023-11-25
L000219,C01780,48172 CAD,5.38,Active,FALSE,2024-03-12
L001235,1119,"48,731",8.28,Active,0,2024-05-18
L000126,C01167,161598.64,13.87,Active,0,2023-11-29
L000105,C01685,106471 CAD,9.87,Closed,0,2022-06-14
L000934,C01191,66397.9,4.36,ACTIVE,0,2024-03-05
L000221,C01363,185185 USD,13.88,Active,0,2023-06-03
L000977,C01684,70620.27,nan,Active,FALSE,2024-03-06
L001069,C01653,"$66,748.77",9.87,Active,0,2023-05-30
L000502,C01319,126414.28,4.2,Active,0,2022-10-17
L000742,01432,256703.99,7.53,Active,0,2024-05-09
L000381,C01649,250000.0,unknown,Defaulted,1,2023-07-04
L001053,C01563,80913.49,6.79,Active,0,2022-03-17
L000732,1640,43657.27,9.34,Closed,0,2022-12-01
L000938,C01120,208304 CAD,11.49,Active,No,2022-05-05
L000128,C01425,52983.78,2.2,Active,0,2023-05-18
L001025,C01104,142711 CAD,8.42,closed,0,2024-04-21
L000280, C01338 ,34624.15,7.15,Active,0,2022-02-07
L000950,C01001,"44,360",9.16,Active,0,2023-07-30
L000531,C01504,100634.05,6.9,Active,1,2022-04-17
L000517,C01226,57712.08,6.44%,Active,0,2024-05-13
L000216,C01124,"$70,667.37",11.92%,Charged Off,1,2022-06-24
L000135,C01251,48939.23,8.1,Open,0,2022-03-22
L000827,1007,55305 CAD,6.06,Active,0,2023-03-07
L001006,C01304,"31,047",10.61,Current,0,2023-06-11
L000554, C01206 ,26197.69,11.95,Active,0,2024-02-10
L000238,C01680,34094.22,12.7,Active,0,2023-03-28
L000003,C01036,28701.66,9.12,Charged Off,1,2023-10-05
L000188,C01331,116720.25,7.16,Active,0,2022-06-29
L000236,C01738,21773.44,6.86%,Active,0,2022-07-24
L000757,C01464,204270.68,7.8,Active,N,2022-04-23
L000149,C01783,147724.78,11.5,Active,1,2023-05-06
L000883,C01489,97527.86,7.25%,Current,0,2023-05-06
L000466,C01769,77339.72,13.53,Active,No,2022-06-10
L000744,C999102,30922.63,7.63,Active,0,2022-01-28
L001190,C01353,39847.42,7.4,Active,0,2022-08-07
L000622,C01666,54358.63,250,Active,0,2023-02-26
L000896,C01276,32911.88,9.02,Active,0,2023-05-10
L000328,C01388,71906.12,10.68,Active,0,2024-02-21
L000645,C01709,9888.67,8.45,Active,0,2024-04-19
L000988,C01136,48526.64,2.2,Closed,0,2022-04-20
L000250, C01303 ,"$41,704.72",6.55,Active,0,2023-12-30
L000567,C01424,119744.25,9.28,Active,1,2023-07-26
L000413,C01593,38030 CAD,9.23,Active,0,2023-11-14
L001040,C-01120,44377.74,3.03,Active,0,2023-04-12
L001244,C01845,"250,000",7.43,Active,0,2022-01-06
L000101,C01752,"$37,296.50",2.39,closed,0,2022-08-03
L000270,C01054,78280.28,5.14,Active,0,2022-01-07
L000694,cust_01720,19636.23,9.45,Active,0,2024-03-03
L000447,C01187,"22,059",10.97,Active,0,2022-06-15
L001186,C-01040,85375.89,7.54%,Active,No,2022-11-22
L000695,C01199,91132.52,8.77,Paid Off,0,2023-09-11
L000818,C01329,20260.07,13.26,Paid Off,Good,2022-10-20
L000726,C01430,103536.61,6.06,Active,0,2023-02-21
L000319,C01213,106086.99,11.06,Active,0,2022-09-30
L000673,C01573,"$42,829.68",11.28,Active,0,2022-03-30
L000616,C01094,64733.92,7.24,charged off,0,2023-02-26
L000604,C01415,23807.41,13.57,Active,0,2022-12-31
L000398,C01219,75012.37,10.0,Active,0,2024-01-14
L001005,C01847,50418.15,5.94,Active,0,2022-08-03
L000123,C01485,85923.36,5.89,Charged Off,Good,2023-12-20
L001090,C01641,314425.98,8.48,Current,0,2023-05-18
L000432,C01323,8266.29,3.21,Open,0,2023-10-04
L001224,C01197,53143.55,9.97,Active,0,2024-01-11
L000770,C01821,53582 USD,7.23,Active,0,2022-06-05
L000019,C01798,17316 USD,2.2,closed,0,2022-08-20
L000251,C01435,"$47,428.56",2.77,Current,Good,2022-01-01
L000144,C01270,"15,702",12.65,Active,0,2022-08-14
L000088,C01846,50087.51,9.19,Closed,0,2024-04-11
L001032,C01744,104430.94,7.08,Closed,0,2023-06-13
L000750,01569,"59,375",7.87%,Charged Off,1,2022-07-22
L000275,C01786,7806.55,unknown,Charged Off,0,2022-07-30
L000545,C01187,60740.7,7.84,Active,0,2023-07-20
L000140,C01625,64111.37,7.23,Active,0,2023-10-18
L000417,C01700,58983.37,10.46,ACTIVE,1,2023-10-31
L000292,C01626,90981.05,9.13,Active,Good,2024-05-28
L000894,C01195,60077.08,5.64,Charged Off,0,2024-01-02
L000012,C01414,120275 USD,3.78,Active,0,2023-03-08
L000506,C01003,150086.49,13.56,Active,0,2022-05-12
L000853,C01528,"$38,767.32",150,Closed,FALSE,2022-03-02
L000748,C01256,"$33,885.91",4.99,Charged Off,1,2023-12-20
L000373,C01824,40876.01,13.19,Active,1,2023-11-21
L000075,C01576,279646 USD,10.22,Active,0,2024-03-04
L000186,C01820,170790.03,4.14%,Active,0,2022-12-17
L000573,C01281,22236.75,8.31,Active,0,2023-06-02
L001096,C01471,18228.25,7.57,Closed,0,2022-05-11
L000730,C01541,125438.71,12.43,Active,0,2023-02-02
L000619,01682,"57,439",11.22,Active,0,2022-08-07
L000029,C01092,"$92,985.50",8.79,Active,0,2022-08-12
L000848,C01337,"$80,589.80",11.28,Active,0,2023-11-19
L000582,C01701,27975.39,7.19,Active,0,2022-12-19
L000589,C01100,51560.79,11.74,Active,0,2023-06-12
L001169,C01765,170087.04,4.45,Active,0,2022-11-23
L000579,C01579,39499.79,5.49,Active,0,2024-03-10
L001067,C01267,80797.0,6.48,Active,1,2022-05-29
L000409,C01082,35505 USD,2.85,Active,0,2024-01-25
L001215,01018,125444.36,11.48,Active,0,2023-03-08
L000587,C01192,119822.46,7.03,Active,0,2023-04-20
L000713,C01476,65788.96,2.2,Active,0,2023-12-27
L000013,C01749,20647.06,13.54,Closed,0,2022-07-17
L000361,C01219,67513.55,7.28,Closed,0,2023-11-12
L000115,C01597,51576 CAD,8.33,Active,0,2022-05-15
L001065,C999101,26529 CAD,8.21,Active,0,2023-12-31
L000023,C01841,100851.94,9.42%, Active ,0,2024-04-19
L000347,1184,182071.15,9.54,Active,0,2023-09-26
L000296,C01729,89041.79,7.13,Open,0,2022-04-10
L000081,C01134,129743.55,8.26,Active,1,2022-06-23
L001107,C01313,61491.87,12.41,Active,N,2022-09-11
L000331,C01491,"46,748",9.66,Active,0,2024-02-16
L000558,C01830,36774.13,10.7,Closed,1,2023-12-06
L000676,C01453,17044.3,7.19,Closed,FALSE,2022-08-13
L000879,C01806,37857.2,9.89, Active ,0,2022-05-21
L000230,C01423,42885.41,15.31,Active,0,2022-05-16
L001091,C01164,171505.61,9.57%,Active,0,2022-11-21
L000954,C01416,64910.07,4.54,Active,0,2023-09-27
L000231,C01763,127661.61,8.36,Active,0,2022-12-06
L000384,C01430,107962 CAD,2.98,Active,0,2023-10-26
L000627,C01058,24721.02,7.94,active,0,2024-01-09
L000815,C01224,38192.12,11.84,Closed,0,2023-05-07
L000682,C01395,48983.51,11.91,closed,0,2023-06-12
L000108,C01580,71416.41,7.14,Active,0,2023-07-20
L001237,01080,44988 USD,11.37,Closed,0,2024-02-01
L000289,C01063,61359.17,11.72,Active,0,2023-03-06
L000276,cust_01270,10339.06,11.15,Active,0,2023-10-17
L000348,C01283,81239.79,11.03,Closed,0,2024-05-19
L000837,C01726,190207.24,5.88,Active,0,2022-06-26
L000205,C01783,92331.43,8.06,Active,0,2023-05-29
L000976,C01620,47769.31,7.84,Active,0,2022-04-07
L001207,C01273,118041.27,6.09%,Active,0,2022-08-16
L000720,C01063,79314.46,6.38,Active,0,2023-06-09
L000900,C01329,83878 CAD,unknown,active,1,2022-10-20
L001160,C01128,50726 CAD,3.84,Open,0,2023-12-24
L001105,C01337,79414 USD,11.85,Charged Off,Default,2022-04-25
L001119,C01624,89327.92,10.46,Closed,0,2024-02-25
L000244,C01162,59937 CAD,12.3,active,0,2022-01-03
L001037,C01491,11287.02,7.9,Active,0,2023-03-11
L000280, C01338 ,34624.15,7.15,Active,0,2022-02-07
L000054,C01346,89076.06,13.72,Paid Off,1,2024-02-01
L001132,C01460,"19,949",13.8,Open,0,2024-05-15
L001217,1161,152395.34,8.64,Closed,0,2023-06-22
L000163,C01029,76183.34,3.43,Active,FALSE,2023-11-13
L000046,C01356,15501.84,18.53,Active,Y,2023-09-16
L000823,C01166,116672.89,9.93,Active,Default,2022-02-08
L001127,C01595,40114.19,10.93,Active,1,2024-05-13
L000490,C01149,49710.19,4.42,Complete,0,2023-04-21
L001094,C01184,88489.86,6.4,Active,0,2023-11-22
L000555,C01002,68541.52,8.35,Closed,1,2023-07-29
L000439,C01816,43615.43,6.98,Charged Off,1,2023-07-22
L000969,C01238,74504 CAD,11.99,Active,0,2022-04-19
L000341,C01334,208316.0,8.62,Charged Off,1,2022-03-19
L000962,C01604,149030.59,7.29,Active,0,2024-03-05
L000167,C-01018,44524.27,6.02,Active,0,2023-03-13
L000826,C01549,-73819.36,8.66,Current,0,2022-11-06
L000437,C01042,24014.79,9.28,Complete,0,2023-04-20
L000595,C01072,-60062.85,10.21,Active,0,2023-03-06
L000428,UNKNOWN,71194.29,6.12,ACTIVE,0,2023-10-04
L001056,C01125,93899.97,2.2,ACTIVE,0,2022-11-24
L000503,C01547,80854.45,8.1,Active,0,2022-10-24
L001168,C01508,"$69,018.40",12.71,Active,0,2024-05-15
L000594,C01660,"$132,731.61",3.91,Active,0,2024-05-17
L000199,C01478,73151 CAD,12.19,Closed,0,2022-09-24
L001170,C01379,128739 CAD,9.32,Active,1,2022-10-12
L000096,C01146,36751.12,9.51,Active,0,2023-06-01
L000617,C01028,91292.01,14.97,Open,0,2022-10-05
L001162,UNKNOWN,"226,186",9.57,Complete,0,2022-06-15
L000015,C01423,"102,722",11.24,Active,1,2023-12-01
L000758,C01641,24034.55,5.9,Active,0,2023-11-22
L000926,C01415,48474.24,10.71,Active,N,2023-01-31
L000644,C01125,32694.56,6.42,Active,0,2022-04-22
L000212,C01084,26057 USD,8.76,Active,0,2022-05-02
L000704,C01527,8576 USD,12.22,Active,FALSE,2023-03-28
L000154,C01306,15525.86,6.51,Current,0,2023-08-04
L000444,C01016,124918.38,11.42,Active,1,2022-04-28
L000235,C01666,149457.22,7.70%,Charged Off,Good,2022-10-04
L001205,C01445,67517.29,5.0,Active,No,2022-12-20
L000658,C01649,185833.72,11.66,Paid Off,0,2023-02-07
L000248,C01693,78775.89,12.69,Closed,0,2023-11-23
L000175,C01407,22290.28,10.18,Active,0,2023-09-30
L000253,C01820,"$84,211.99",9.91,Closed,0,2023-08-20
L000599,C01509,60748.97,10.81,Active,0,2023-02-20
L000854,C01141,103420.57,2.43,Open,No,2024-02-03
L000209,C01566,68775.98,9.25,Active,0,2022-11-14
L001106,C01555,46818.89,7.82,Active,0,2023-05-17
L000743,C01848,23292 USD,6.39,Active,0,2023-09-05
L001116,C01322,11818.23,3.33,Closed,N,2024-04-17
L000777,C01646,141962.99,7.59,Active,0,2023-10-26
L000766,C01267,"94,520",2.99,Active,0,2024-01-01
L000519,C01796,"$47,959.32",17.57%,Active,1,2022-06-24
L000702,C01407,"$14,855.22",9.2,Active,0,2022-05-26
L000291,C01480,52658.28,5.37,Active,Good,2022-01-17
L001177,C01665,39359.68,9.54,charged off,0,2022-07-05
L000833,C01627,250000.0,6.92%,Paid Off,No,2023-01-20
L001085,C01208,81490 CAD,7.72,Closed,0,2023-05-09
L000734,C01231,56344 CAD,6.32,Active,0,2023-11-04
L000518,C01147,"31,167",6.97,Charged Off,1,2022-10-06
L001011,01823,78200.98,7.78,Active,1,2023-05-13
L001021,C01840,28156.12,5.45,Active,0,2022-03-23
L000157,C01775,"$112,719.76",8.88,Current,0,2022-08-03
L000114,C01833,137337.21,9.5,Closed,0,2024-05-11
L000618,C01232,28130.24,9.25%,Active,0,2022-03-29
L000362,C01574,14709.92,2.2,Active,0,2022-01-05
L000601,1754,117021.84,2.2,Closed,0,2024-04-18
L000074,C01611,38643.01,6.8,Active,Yes,2023-02-24
L000175,C01407,22290.28,10.18,Active,0,2023-09-30
L000470,C01126,"34,614",10.12,Active,0,2022-04-22
L000550,C01411,76658.58,250,Charged Off,0,2022-08-28
L001050,C01646,65544.77,9.28,Closed,0,2023-03-09
L001194,C01038,107264.46,8.43,Active,0,2023-04-16
L000351,C01180,158751.7,5.49,Active,0,2023-10-29
L000151,C01521,30061.23,7.33,Active,0,2023-06-06
L000086,C01675,"77,891",-3,Active,0,2023-02-03
L000383,C01513,97232.38,5.8,Active,1,2023-02-15
L000505,C01668,77988.2,6.13,Charged Off,N,2024-06-05
L000721,C01543,"$32,844.25",6.25,Active,0,2023-01-08
L000152,C01734,13630.36,14.52,Charged Off,Yes,2022-11-05
L000660,C01155,64322 USD,8.36,Closed,0,2022-07-14
L001147,C01178,"$32,124.38",10.77,Active,0,2023-04-01
L000130,C01580,43453.11,9.6,Closed,0,2023-10-06
L000323,C01678,50416 CAD,8.42,Active,N,2023-10-25
L000036,C01305,57447 CAD,11.43,Closed,0,2022-07-06
L000310,C01723,38578.75,5.02,Charged Off,1,2024-03-25
L000718,C01461,"$28,629.26",10.77,Active,0,2022-12-27
L000058,C01617,25714.75,8.47,Active,0,2024-06-12
L000094,C01061,"$142,056.58",7.98,Closed,0,2024-06-15
L000142,C01262,67116.84,5.69,Closed,0,2023-12-30
L000404,C01342,125599.76,9.34,Active,Good,2022-09-13
L000560,C01114,153583.41,11.55%,Charged Off,1,2022-10-10
L000856,1347,37612.7,9.1,Closed,N,2022-10-05
L001245,C01191,101843.37,6.57,Closed,0,2023-12-14
L000844,C01731,22829.32,13.83,Active,0,2022-02-12
L000991,C01327,110586.5,7.4,Active,No,2022-04-10
L000942,C01516,22571.14,9.46,Active,0,2022-10-01
L000131,C01649,44374.87,3.9,Active,0,2024-04-13
L000367,C01558,38597.68,9.56,Active,FALSE,2023-01-06
L000063,C01632,129645.81,6.01,Active,N,2023-09-13
L000801,C01533,51952.27,8.39,Active,0,2024-01-31
L001149,C01681,"$102,916.41",14.3,Charged Off,0,2023-03-29
L001135,C01194,49881.35,13.14,Open,0,2022-02-05
L001054,C01027,"66,764",7.0, Active ,1,2022-03-13
L001249,C01054,16385.57,11.97,Active,FALSE,2023-10-17
L000121,C01196,113400.04,6.46,Active,0,2023-12-07
L000064,1713,102722.68,12.01,Charged Off,TRUE,2022-02-02
L000682,C01395,48983.51,11.91,closed,0,2023-06-12
L000182,C01232,121597 USD,8.97,Closed,N,2023-08-30
L000410,C01836,79917 CAD,10.4,Active,0,2022-12-30
L000735,UNKNOWN,39798.7,10.51,Active,FALSE,2023-08-26
L000919,C01102,51586.38,9.82,Charged Off,0,2024-05-12
L000037,C01228,60181.6,2.57,Charged Off,1,2022-02-08
L000185,C01677,25565.71,10.62%,ACTIVE,0,2023-03-20
L000583,C01514,24220.84,10.22,Active,0,2022-01-04
L000160,C01602,121187.77,6.12,closed,0,2022-03-20
L000666,C01303,38893.54,10.36,Closed,0,2023-04-12
L000571,C01255,131780 CAD,10.25,Active,1,2024-01-26
L001152,C01631,66479 USD,2.2,Active,N,2023-01-21
L000217,C01617,10705.77,13.9,Active,1,2024-06-07
L001158,01581,66840.14,7.75,Closed,1,2024-05-03
L001172,C01238,95471.25,8.28,Active,0,2022-01-13
L000242,C01388,52203.44,11.22,Active,0,2022-08-03
L001070,C01763,"$91,626.91",7.27,Active,0,2023-02-06
L000201,C01532,41032.98,7.5,Active,0,2023-10-03
L000795,C01604,"23,325",9.4,Active,0,2022-04-07
L000211,C01410,8765.48,7.47,active,0,2023-05-06
L001036,C01660,"$161,828.13",12.9,Active,0,2022-06-08
L000456,C01358,51082.87,10.03,Active,0,2023-08-27
L000851,UNKNOWN,"$28,258.07",4.75, Active ,0,2022-03-25
L000321,C01458,"$48,846.69",8.51,Active,0,2022-02-16
L000322,C01668,44420.52,11.35, Active ,0,2024-04-10
L000609,C999106,"$14,211.34",4.7,Active,0,2024-04-16
L000419,C01371,34799.15,8.65,Active,Good,2024-03-21
L000546,C01488,66197 USD,7.2,Active,1,2023-05-20
L000011,C01127,53595.28,11.0,Active,0,2022-11-06
L000073,C01393,"100,729",6.80%,Active,0,2024-01-06
L001000, C01370 ,44713 CAD,12.36,Active,0,2023-11-10
L001222,C01258,44810 USD,8.29,Active,FALSE,2022-04-27
L000664,C01494,250000.0,14.55,Charged Off,0,2022-12-13
L000198,C01750,58914.57,4.22,Charged Off,1,2022-12-22
L000901,C01130,97519.46,6.67,Active,FALSE,2022-02-23
L000993,cust_01243,98652.61,8.56,Active,0,2022-06-24
L000765,C01706,"48,577",10.88%,Active,0,2022-08-03
L000855,C01774,173161.3,7.8,Closed,0,2023-07-08
L000796,C01380,167954.9,11.66,Written Off,1,2023-02-11
L001055,C01766,"$68,374.62",15.17,Closed,1,2022-01-03
L000239,C01271,105697.69,14.6,Charged Off,1,2024-04-11
L000446,C01325,85137.56,5.37,active,0,2023-10-12
L000185,C01677,25565.71,10.62%,ACTIVE,0,2023-03-20
L000044,C01597,49863.03,10.84,Active,0,2022-05-18
L000376,C01722,"76,979",11.28,active,Good,2022-06-19
L000050,C01446,54403.75,-3,Active,0,2023-01-12
L000831,C01271,42845.11,2.2,Paid Off,N,2022-02-24
L000620,C01335,"$55,929.28",5.1,Active,0,2023-05-18
L000528,C01591,30975 CAD,11.06,Active,FALSE,2024-01-20
L000134,C01332,107186.31,12.76,Closed,0,2023-01-21
L000881,C01194,51153 CAD,5.34,Active,0,2022-06-29
L000912,C01499,"$95,037.20",6.4,Closed,0,2022-09-01
L000562,C01625,406047.78,11.45,Active,1,2022-09-15
L000084,C01264,"72,630",9.45,Active,0,2023-08-17
L000488,C01292,52324.97,10.37,Active,0,2022-10-06
L000864,C01745,63516 CAD,9.78,Closed,0,2023-10-12
L000834,1638,24620.3,11.18,Written Off,1,2024-02-16
L001009,C01244,56748.94,8.96,Active,0,2023-12-20
L000006,C01435,97595.12,6.13,Active,0,2023-03-01
L001064,C01815,38290.02,5.23,closed,FALSE,2023-03-25
L000497,C01023,31541.38,9.02,Active,0,2024-06-14
L001238,C01641,52532.65,5.77,Closed,0,2022-12-01
L000684,C01245,26185.99,6.92,Charged Off,1,2024-05-06
L001142,C01779,136671.8,5.28,Closed,FALSE,2023-01-13
L000650,C01455,"$138,940.84",8.33,Active,0,2022-05-28
L000661,C01529,37914.4,unknown,Complete,0,2023-11-12
L001099,C01320,98732 CAD,10.11,Active,Good,2022-10-30
L000804,C01646,97044.8,9.59%,Active,0,2023-12-06
L001210,C01137,104329.87,2.74,Closed,N,2022-04-21
L000274,C01715,25346.4,13.98,Active,0,2023-02-15
L000405,C01245,89701 CAD,17.73,Active,No,2022-03-24
L000687,C01202,36013.81,9.25,Active,0,2024-06-13
L000473,C01165,"$80,416.61",6.91,Active,0,2023-04-29
L000836,C01126,76050.25,8.35,Closed,0,2023-12-31
L000325,C01486,143935.85,5.31,Active,No,2022-03-02
L001199,C01103,45633.71,11.59,Active,0,2022-02-18
L000385,1559,65076.63,6.87,Active,1,2022-06-14
L000093,C01067,29401.98,9.82,Closed,Good,2022-09-03
L000273,C01652,66112.62,12.29,Active,0,2022-04-05
L000867,C01552,"46,072",13.71,Active,0,2022-10-13
L000388,C01547,14997.65,4.71,Closed,0,2022-02-16
L000293,C01125,22888.69,9.47,Open,0,2023-09-27
L000243,C01575,73695.16,10.45,Closed,0,2022-04-18
L000312, C01415 ,269286.58,7.36,Active,0,2023-10-31
L000880,C01148,38657.65,7.17,Active,TRUE,2023-03-31
L000252,C01313,54438.48,9.65,Active,0,2022-01-07
L000454,cust_01417,"$31,876.52",9.21,Charged Off,0,2023-03-21
L001193,C01800,415327.03,10.83,Active,0,2024-02-15
L000886,C01112,109858 CAD,-1,Active,0,2024-03-30
L001131,C01207,59410 CAD,3.97,Active,0,2022-07-20
L000903,C01682,223380.74,14.38, Active ,0,2022-08-14
L000220,01314,101971.54,,Active,Good,2023-07-12
L000904,C01042,25194 CAD,13.19,Closed,0,2022-08-17
L000550,C01411,76658.58,250,Charged Off,0,2022-08-28
L001122,C01209,22062.23,5.19,active,0,2023-02-17
L000659,C01733,42519.04,5.63,Closed,0,2022-05-24
L000557,C01325,"$67,354.45",10.45,Active,0,2023-06-09
L000696,C01627,133060.17,7.77,Active,0,2022-03-04
L001093,C01402,51166.88,12.49,Charged Off,0,2023-06-12
L000478,C01662,242838.21,12.64,Closed,0,2022-05-30
L000191,C01133,46635.06,11.14,Active,N,2022-06-10
L000607,C01512,26804.43,9.23%,Active,1,2022-07-27
L000649,C01565,"$14,505.36",8.29,Active,FALSE,2023-11-11
L000358,C01619,34076.03,4.32,Closed,0,2022-08-12
L000592,C01848,35836.42,7.01,Active,N,2022-06-19
L000798,C01755,"250,000",6.82,ACTIVE,0,2022-07-11
L000752,C01609,86693 CAD,9.89,Active,1,2023-04-01
L000427,C01511,70559.38,9.66,Active,1,2023-10-31
L000563,C01079,10935.37,9.59,active,N,2023-06-13
L000681,C01378,45401.02,10.48,Open,0,2024-04-19
L000342,C01302,77610.62,8.17,Active,0,2022-07-10
L000468,C01253,-121433.66,7.8,Active,0,2023-10-04
L000040,C01722,46438.42,8.64,Active,0,2022-03-10
L000970,C01337,56501.41,6.37,Active,0,2022-07-29
L000227,C01843,75511 USD,6.56,Active,0,2022-06-02
L000068,C01367,120307.42,10.42,Active,0,2023-04-24
L000530,C01237,101890.35,11.81,Current,0,2023-01-18
L001230,C01500,25986.75,9.38,Active,0,2022-05-08
L000426,C01362,36990.99,8.41,Active,0,2023-07-02
L001120,C01317,57434.97,8.94,Active,0,2023-01-13
L001243,C01516,44247.98,14.68,Active,1,2023-11-13
L000654,C01745,87064.44,12.54,Charged Off,1,2023-06-14
L000298,C01584,19365 USD,7.95,Active,0,2022-01-04
L000464, C01447 ,33465.17,9.98,Active,0,2022-12-11
L000598,C01161,99623.54,14.61,CLOSED,0,2022-05-11
L000079,C01847,62384.68,10.73,Active,0,2022-04-29
L000098,C01439,37121.66,8.62,Current,0,2023-09-02
L000715,C01094,154510.33,12.85,Active,0,2024-05-05
L000339,C01362,"24,409",15.44,Active,FALSE,2024-04-28
L000214,C01540,41880.73,6.45,Closed,0,2024-04-04
L000897,C01404,98825.62,7.32,Active,0,2023-06-08
L001219,C01511,83778.0,12.81,Current,0,2022-10-24
L000300,C01112,112470.83,5.24,Active,0,2022-03-18
L000516,C01648,13423.44,11.43%,Charged Off,1,2024-03-27
L000816,C01124,86248.75,9.15,Closed,0,2023-06-07
L001187,C01517,111115.2,12.66,Active,0,2023-06-30
L000009,C01758,26728.79,6.85,Active,N,2023-04-08
L000438,C01048,33483 CAD,5.56,Active,0,2023-05-21
L000997,C01081,20933.41,16.15,Charged Off,0,2023-09-11
L001112,C01097,79008 USD,8.98,Active,0,2022-04-10
L001137,C01095,"73,728",7.8,Active,FALSE,2022-08-02
L000391,C01103,123570.22,11.36,Active,0,2023-05-30
L000941,C01670,82148.7,13.02,Closed,N,2024-01-07
L001234,C01718,82568.62,9.32,Charged Off,1,2023-09-29
L000710,C01592,97319.82,5.46%,Active,0,2022-02-07
L000449,C01070,"98,143",6.75,Active,0,2023-09-12
L000705,C01444,20119.71,5.45,Active,1,2023-05-05
L000305,C01098,43778.13,8.76,Closed,0,2022-12-10
L000492,C01209,82262.81,10.92,Active,N,2022-07-10
L000987,C01733,"56,478",6.23,Complete,0,2023-10-17
L000083, C01655 ,20240.84,14.41,Active,0,2022-03-26
L000056,C01694,"93,381",7.65,Charged Off,0,2022-04-25
L001044,C01155,50664.87,7.08,active,1,2022-08-23
L000025,C01154,50573 USD,8.71,Charged Off,0,2023-07-17
L001184,C999104,120341.78,8.39,Active,0,2023-08-25
L000402,C999100,40758 CAD,16.14,Active,0,2024-05-12
L000890,C01054,46518.72,9.43,Active,0,2023-01-31
L000311, C01193 ,51030.5,9.06,Active,0,2023-02-26
L000034,C01174,162482.83,7.93,Active,0,2023-06-02
L001045,C-01256,8508 CAD,12.29,Active,0,2023-11-09
L000065,C01414,172372.61,5.62,Closed,0,2022-06-03
L000575,1394,99388.68,5.73,Active,0,2023-06-22
L000070,C01433,68829.02,3.74,Active,N,2022-11-15
L000625, C01140 ,97054.43,7.56,Active,0,2022-02-20
L000699,1141,18212.02,4.64,Active,0,2022-06-04
L000774,C999103,118179.1,5.91,Closed,Y,2023-12-24
L001175,C01229,12715.03,12.59%,Charged Off,Y,2024-04-08
L000945,C01419,81473.12,2.2,Closed,1,2022-12-17
L000547,C01144,62528.3,6.9,Charged Off,0,2022-10-28
L000613,C01660,114266 USD,5.93,Active,1,2023-07-22
L000859,C01142,79986.75,6.08,Active,0,2024-06-10
L000981,C01260,"$19,017.77",5.95,Active,0,2022-08-24
L000176,C01585,179968.5,6.86,Charged Off,1,2023-09-20
L000909,01236,"147,746",nan,Active,FALSE,2022-07-29
L000344,C01084,"$416,923.30",9.03,Active,1,2022-08-13
L000933,C01111,44693.31,10.74,Active,0,2023-07-14
L000369,C01816,29921.43,11.98,Closed,1,2022-01-25
L000819,1469,89929.27,4.39,Closed,0,2022-06-30
L000165,C01556,"82,215",10.9,Closed,0,2024-06-10
L000458,C01097,-296514.48,6.47,Active,0,2023-02-07
L000674,C01803,68034.38,9.32,Active,0,2023-01-20
L000678,C01505,"39,247",-3,Active,0,2022-06-07
L000489,C01839,120246.44,7.52,Active,0,2022-03-25
L001159,C01722,39327.81,13.53,ACTIVE,0,2023-11-17
L000030,C01693,83331.42,9.27,Active,Good,2023-09-11
L000603,C01024,"$75,416.30",11.86,Current,0,2022-10-04
L000952,C01104,231433 CAD,9.12, Active ,0,2022-12-14
L000249,C01645,"40,483",6.36,Active,0,2023-06-06
L001214,C01525,-103926.74,7.38,Closed,0,2023-10-11
L001145,C01612,45168.72,14.75,ACTIVE,0,2023-05-17
L000210,C01643,32433.31,6.31,Active,Good,2023-05-15
L000533,C01062,"$30,755.73",5.48,Active,0,2023-09-27
L000640,C01586,88223.22,6.87,Active,0,2022-12-28
L000178,C01393,102266.22,6.93,Active,FALSE,2024-05-16
L000939,C01479,84144.27,7.12,Charged Off,1,2022-09-20
L000223,C01268,44947.24,11.36,Closed,0,2022-07-24
L000585,C01488,23982 CAD,7.73,Paid Off,0,2023-01-13
L000171,C01055,57679.86,8.24,Active,FALSE,2023-03-22
L000714,C01054,54599.29,8.19,Active,0,2022-10-12
L000415,C01577,110363.17,10.63,Active,0,2023-04-22
L001176,C01158,128772.08,8.81%,Active,0,2023-10-13
L000719,C01408,"$28,303.95",10.83,Written Off,1,2024-02-16
L000189,C01585,"$104,671.46",12.07,Active,Good,2023-05-18
L000491,C01614,27139.12,6.78,Active,FALSE,2022-05-20
L000480,C01200,13483.12,10.1,Closed,0,2022-02-07
L000269,C01703,87865.4,10.23,ACTIVE,N,2022-03-11
L000222,C01414,116612.8,12.09%,Active,0,2023-01-17
L000541,C01536,43067.33,6.67,Active,0,2024-04-15
L000593,C01405,42339.16,8.29%,Closed,0,2023-04-09
L000917,C01748,190028.8,6.2,Open,0,2024-03-24
L000630,C01231,92300.86,9.83,Active,1,2023-08-08
L000751,C01066,40493.22,7.15,Current,0,2023-10-10
L001227,C01742,76618.69,7.8,Active,0,2022-02-04
L000565,C01617,18569.08,2.20%,Current,0,2024-02-08
L001234,C01718,82568.62,9.32,Charged Off,1,2023-09-29
L000631,C01104,137099.23,6.0,Active,No,2023-08-30
L000345,C01797,66347.65,9.91,Charged Off,FALSE,2023-03-13
L000365,C01126,100471.92,10.52,Active,0,2023-10-15
L001051,C01033,145453.61,8.96,Active,0,2024-04-06
L000908,C01222,"$90,343.56",2.2,Active,0,2023-10-12
L000200,C01244,17267.6,4.58,Active,0,2024-03-29
L000568,C01544,"$33,293.57",6.95,Active,No,2023-02-28
L000299, C01590 ,"127,382",7.65,Complete,0,2022-10-08
L000282,C01328,250000.0,15.28,Active,1,2022-07-25
L000459,C01713,136482.13,8.73,Active,1,2022-03-20
L000860,C01236,60837.54,9.44,Closed,0,2024-02-18
L000733,C-01847,34296 USD,12.19,Active,0,2022-03-26
L000487,C01332,114001.11,4.95,Active,FALSE,2024-03-01
L000514,C01354,85344.33,7.52,Active,0,2023-06-19
L000122,C01405,45585.36,13.26,Active,0,2022-09-11
L000333,C01273,"$57,266.08",11.18,Active,0,2023-11-30
L000692,C01655,28463.62,12.99,Closed,0,2022-12-15
L001202,C01232,120139.35,9.21,Closed,0,2022-07-06
L001226,C01307,93267.04,8.91,Active,0,2024-03-25
L000456,C01358,51082.87,10.03,Active,0,2023-08-27
L000685,C01484,68505.1,12.39,Active,0,2023-01-11
L001102,C01839,77427.14,10.01,Active,Good,2024-06-08
L001118,C01642,22816.68,unknown,Active,No,2022-12-07
L000916,C01507,40806 CAD,5.80%,Active,0,2022-12-01
L000099,C01446,21178.23,2.2,Active,0,2022-11-01
L000184,C01552,14691.42,13.12,Current,0,2023-05-13
L001242,C01556,177823.37,12.99, Active ,0,2023-03-25
L000350,C01149,9957.23,7.17,Closed,Good,2022-07-08
L001027,C01579,46432.67,11.71,Defaulted,0,2022-03-05
L000738,C01001,112120 CAD,13.06,CLOSED,FALSE,2023-04-03
L001103,C01561,118476.15,8.9,Charged Off,1,2024-02-09
L000688,C01217,106963.45,5.69,Active,FALSE,2024-01-21
L001082,C01732,109170 USD,9.31,Active,No,2023-12-28
L001052,C01399,107936.24,9.84,Active,0,2024-04-14
L000525,C01197,31762.01,9.94,Active,0,2022-02-10
L000195,C01217,87208.18,7.93,Active,0,2023-04-10
L000055,C01189,74786.72,5.93,Charged Off,1,2022-06-17
L000001,C01420,43068.83,4.63%,Active,0,2023-07-25
L000453,1701,45756.75,8.05,Closed,0,2022-08-10
L000430,C01073,48328.46,250,Active,0,2022-06-08
L000125,C01596,43721.06,9.73,Current,0,2023-07-09
L001146, C01235 ,42696.32,6.97,Active,No,2023-08-14
L000472,C01318,125501.54,12.73,Active,0,2024-03-16
L000118,C01455,52287.83,11.88%,Closed,0,2023-09-13
L000441,01778,"33,289",3.14%,Active,0,2023-10-14
L000340,C01592,"131,404",10.65,Paid Off,0,2022-01-18
L001164,C01334,"130,991",8.34,Active,0,2022-05-11
L000389,C01541,30287 CAD,13.46,Closed,0,2023-10-15
L000193,cust_01232,79071 USD,9.58,Active,0,2022-07-16
L000863,1685,161339.34,4.92,Active,Default,2024-01-21
L000803,C01827,83865.9,12.72,Active,1,2023-11-19
L000103,C01203,132257.53,8.73,Closed,0,2022-04-20
L000386,C01612,57494.89,5.83,Active,1,2022-05-04
L001197,C01202,64933.75,9.12,closed,0,2023-05-01
L000474,C01235,28298.5,5.13,active,0,2023-09-04
L000028,01153,35443 CAD,6.8,Charged Off,1,2022-03-20
L000794,C01648,34867.81,11.73,Closed,1,2022-06-22
L001230,C01500,25986.75,9.38,Active,0,2022-05-08
L000736,C01646,26009 USD,250,Active,0,2024-03-14
L000226,C01375,62319.4,8.03,Active,0,2023-06-04
L001206,C01656,47184.95,8.72%,Open,0,2022-03-09
L000233,C01093,"$36,765.03",11.45,Active,0,2023-01-04
L001059,C01217,49858.99,6.28,Charged Off,0,2022-06-07
L000372,C01188,22869.57,7.08,Charged Off,1,2023-11-01
L000424,C01293,109926.62,9.79,Active,0,2023-12-16
L000329,C01737,123643.4,4.68,Active,0,2024-03-17
L000957,C01105,102841.96,9.34,Active,0,2022-04-15
L001209,C01663,88744.19,10.17,Defaulted,1,2022-02-26
L000271,C01317,108429.15,13.39,active,0,2024-03-29
L001229,C01067,48915.91,10.56,Closed,0,2024-05-13
L001218,cust_01019,91143.42,10.21,Active,0,2022-07-09
L000158,C01503,97560.29,150,Active,0,2022-02-20
L000422,C01769,71674.83,7.68,Active,0,2022-09-04
L000141,C01543,-92043.98,12.12,Active,1,2022-03-12
L000967,C01198,43576.51,9.04,Active,0,2022-09-09
L001182,C01566,"104,520",5.67,Charged Off,1,2023-09-28
L000479,C01585,102828.74,5.6,Closed,1,2022-04-29
L000368,01201,81995.63,13.2,Active,Yes,2024-06-13
L001188,C01368,57084 CAD,5.48,Active,0,2023-01-13
L001084,C01345,161896.25,2.2,closed,0,2024-04-25
L000136,C01814,22783.22,4.57,Closed,0,2022-09-18
L000806,C01069,250000 CAD,6.92,Active,Good,2023-02-10
L000724, C01221 ,17392 CAD,12.29,Active,0,2023-11-04
L000245,C01777,114349.49,12.89,Charged Off,1,2023-04-30
L000925,C01287,30325.05,11.67,Active,0,2022-04-27
L000172,C01099,91443.73,12.1,Active,0,2023-09-05
L001041,C01421,98346.85,14.49,Active,No,2023-07-14
L000842,01537,115411.2,8.15,Active,0,2022-05-07
L001019,C01475,31452.33,5.41,Active,0,2024-01-30
L000566,C01678,76773.08,10.9,Charged Off,1,2024-01-10
L000443,C01143,244166.03,12.59,Active,0,2023-02-27
L001185,C01592,118617.19,2.2,Active,0,2022-03-28
L000316,01107,-57530.1,13.37, Active ,0,2024-01-03
L000486,C01219,76467 CAD,11.25,Complete,0,2022-02-20
L000573,C01281,22236.75,8.31,Active,0,2023-06-02
L001022,C01380,112555.33,7.36,Active,0,2024-06-11
L000049,C01394,107032 CAD,6.83,Closed,0,2024-02-18
L000669,C01568,15576.52,11.61%,Active,0,2024-06-13
L000194,C01332,"180,127",8.72%,Active,0,2022-03-23
L000508,C01300,"$140,133.23",5.18,Current,0,2024-04-19
L000785,C01113,104348.31,3.61,Active,0,2022-01-19
L000169,C01794,32985.37,12.72,Complete,0,2024-01-19
L000752,C01609,86693 CAD,9.89,Active,1,2023-04-01
L000521,1178,"89,473",7.02,Charged Off,Good,2023-08-10
L000889,C01140,56974.79,11.34,CLOSED,0,2024-05-22
L001140,C01490,250000.0,9.99,Active,0,2024-01-07
L000237,C01833,74333 USD,4.72,Active,0,2024-06-03
L000403,01208,72280.33,9.17,Active,1,2022-02-15
L000378,C01509,"59,355",12.99,Active,1,2022-09-16
L000615,1333,84207.59,8.04,Active,1,2024-03-13
L000621,C01447,68169 CAD,6.78,Active,0,2023-05-27
L000872,C01717,64208.89,8.5,Charged Off,0,2023-12-11
L000780,C01201,88686.02,10.64,Active,0,2024-03-29
L000605,1177,"$38,108.05",6.68,Active,0,2022-12-30
L000737,C01671,21224.81,6.23,Complete,0,2024-04-12
L001020,C01405,21768.03,8.08,closed,0,2023-03-24
L000309,C01301,250000.0,11.49,Closed,0,2023-10-11
L000370,C01535,34198.87,5.06,Closed,0,2023-01-08
L001113,C01252,67393.51,12.62%,Closed,1,2023-11-17
L001075,C01278,-128100.2,12.25,Active,N,2024-03-07
L000133,C01293,366343.56,4.57,Charged Off,1,2024-03-08
L000066,C01183,130767.33,2.2,Active,N,2022-04-09
L000375, C01013 ,11423.91,3.95,Active,0,2023-12-17
L000414,C01472,366238.43,8.72,Active,0,2023-10-08
L000241,C01483,62318.78,9.24,Active,0,2023-11-16
L000421,C01697,236630.47,9.17,Active,0,2022-12-22
L000353,C01288,43808.82,11.12, Active ,0,2023-03-06
L000722,C01088,54279.41,12.34,Closed,0,2023-05-20
L000888,C01238,41494.41,9.5,Active,No,2022-07-09
L000268,C01296,35818.72,10.04%,Active,0,2023-11-28
L000626,C01464,250000.0,6.2,Active,0,2024-01-09
L000960,C01081,27944.09,11.35,ACTIVE,0,2023-05-13
L000591,C01146,28914.15,10.3,Closed,0,2022-07-16
L000755,C01093,49778 CAD,12.18,CLOSED,0,2022-10-10
L000918,C01500,72592.49,10.27,active,0,2024-04-22
L000580,C01214,74245 CAD,11.85,Active,0,2023-03-03
L000731,C01845,98509.1,13.98, Active ,0,2022-05-02
L000986,C01209,117410.41,6.96,Active,0,2023-07-22
L000014,C01813,130941 USD,11.23,Active,No,2022-11-27
L000995,C01169,114040.67,9.48,Active,0,2022-03-31
L000811,C01694,"$58,988.58",8.68,Active,No,2022-06-24
L000187,C01591,48133.0,unknown,Charged Off,0,2023-10-29
L000039,C01245,20496.29,10.41,Active,1,2023-02-07
L000663,C01198,60782.27,8.52,Active,0,2022-07-04
L000800,C01657,92564.78,15.86,Active,0,2022-03-09
L000625, C01140 ,97054.43,7.56,Active,0,2022-02-20
L000586,C01555,96236.21,11.41,Chargeoff,0,2023-02-09
L000173,C01414,159219.44,11.07,Active,0,2023-04-28
L000788,C01233,54982.71,12.59,charged off,1,2024-04-29
L000515,C01626,80146.21,12.19,Active,0,2023-03-30
L000923,C01209,83547.37,8.38,Active,FALSE,2024-03-08
L000224,cust_01139,44300.19,6.51%,Active,0,2022-05-22
L000155,C01400,126198.94,9.44,Active,0,2022-03-07
L000281,C01565,8919.38,8.72,Active,0,2022-07-15
L000204,C01564,78642.94,10.64%,Closed,0,2024-02-05
L000120,C01554,98753.44,6.71,Active,1,2023-01-28
L001110,C01787,"$150,247.42",11.27,Active,0,2022-10-03
L000612, C01415 ,21217.08,nan,Active,0,2022-04-05
L000100,C01693,39573.09,8.01,Active,0,2023-08-12
L001026,C01153,81282.86,13.41,Active,0,2023-02-21
L000739,C01736,"$63,341.56",11.43,Active,0,2022-07-07
L000349,C01248,82144.88,11.34%,Closed,0,2023-08-09
L000026,C01196,54287.83,5.42,Closed,0,2024-03-01
L000158,C01503,97560.29,150,Active,0,2022-02-20
L000352,C01156,95099.94,8.55,Active,0,2023-07-08
L000835,C01479,140501.14,8.67,Active,0,2023-09-03
L000764,C01448,78532.22,10.75%,Active,1,2023-11-14
L000768,C01606,37893 USD,10.35,Active,0,2023-04-03
L001211,C01247,75277 USD,6.19,active,TRUE,2022-07-30
L000686,C01330,217802.59,7.02,Active,0,2023-01-29
L000286,C01110,62328.73,12.45,Active,0,2022-05-01
L000905,1339,95915.17,5.98,Open,0,2023-10-24
L000117,C01779,153703.52,9.07,Closed,0,2022-11-03
L001066,C01826,33047.54,8.09,Active,0,2024-02-29
L000922,C01744,-134238.5,3.81,Active,0,2024-04-04
L001220,C01178,109634 CAD,6.2,Charged Off,TRUE,2023-10-28
L000324,C01719,128038.3,9.42,Open,0,2023-12-18
L001029,C01587,33706.95,5.68,ACTIVE,0,2023-11-24
L000307,C01619,47250.36,10.17,Active,0,2024-02-23
L000895,C01263,101007.61,6.3,Active,0,2024-02-20
L000412,C01473,18548.13,10.58,Active,0,2024-01-17
L000078,C01846,63781.29,7.59,Active,0,2023-07-14
L000829,C01324,"$63,807.35",-1,Active,0,2022-09-18
L001039,C01702,71744 CAD,10.15,Chargeoff,Default,2023-07-10
L000932,1136,78944.42,8.72,Active,0,2023-02-08
L000462,C01529,38490 USD,11.91,Active,0,2022-01-11
L001240,C01218,128469.09,2.2,Active,No,2023-05-24
L000343,01559,30772.81,6.64,Closed,0,2022-08-04
L000931,C01350,45291.08,14.07,Active,0,2023-12-27
L001157,,30398.48,5.24,Closed,0,2023-02-04
L000690,C01379,81371.16,6.99,Active,0,2022-10-04
L000317,C01015,40902.8,13.78,Charged Off,0,2024-02-29
L000876,C01422,96933.63,8.29,Active,N,2022-05-20
L000263,C01699,48123.54,9.49,Complete,0,2023-04-04
L001072,UNKNOWN,85114.6,15.33,Active,0,2023-08-18
L000813,C01217,37156 USD,9.3,Closed,0,2023-03-10
L000870,C01506,97316.3,6.35,Current,0,2023-04-28
L000875,1279,"61,048",7.34%,Active,0,2023-01-01
L000024,C01387,49357.33,6.12,Defaulted,1,2022-01-10
L000635,C01785,58329.17,7.89,Active,0,2022-11-12
L000992,C01620,30639.23,9.7, Active ,0,2023-02-13
L001098,C01017,"127,523",13.54%,Active,0,2023-05-25
L000379,C01199,"$71,877.68",10.32,Active,0,2022-11-05
L001126, C01290 ,"11,501",7.92%,Charged Off,1,2022-05-13
L000390,C01507,63156.31,6.73,Active,0,2023-10-22
L000808,C01713,126308 USD,10.9,Active,TRUE,2024-04-16
L000411,C01444,"$45,576.53",13.99,Active,0,2022-05-22
L000288,C01776,"$49,015.95",9.09,Active,0,2024-03-07
L001074,C01255,40571.98,6.97,Active,N,2023-06-13
L001165,C01715,48228.45,10.06,Active,0,2023-11-04
L000162,C01161,115760.73,10.83,Charged Off,0,2022-12-22
L001104,C01749,36753 CAD,11.7,Active,0,2022-09-02
L001007,C01787,92597.84,11.66,Active,Good,2023-04-03
L000698,C01319,100990.99,10.63,Closed,0,2023-09-25
L000929,C01250,67246.33,7.07,Active,No,2022-05-27
L000656,1644,63206.29,7.63,Active,Good,2022-02-10
L000112,C01427,26464.45,3.68,Written Off,Yes,2023-02-04
L000936, C01437 ,"$118,121.69",8.23,Active,0,2023-11-01
L001203,C01731,36412.15,11.3,Active,No,2022-05-29
L001191,C01767,20584.94,150,Active,0,2022-04-14
L001104,C01749,36753 CAD,11.7,Active,0,2022-09-02
L000549, C01467 ,26635.83,12.08,Active,0,2023-02-21
L001048,C01327,"141,965",7.13, Active ,1,2023-02-11
L000578,C01557,85800.08,6.44,ACTIVE,0,2022-07-26
L000655,C01332,225778.28,10.39,Active,0,2022-11-29
L000471,C01715,60947.62,11.09, Active ,0,2024-03-11
L000295,C01043,139626.77,7.39,Active,0,2023-03-25
L000968,C01383,51732.17,10.70%,Open,0,2022-02-09
L000287,C01180,105441.11,10.51,Active,0,2022-05-02
L000797,C01536,13778.48,7.07,Current,Y,2024-04-05
L000356,C01222,148312.67,9.66,Active,0,2023-09-23
L000636,1132,43740.6,6.4,Active,0,2024-03-12
L000318,C01465,73814.39,7.96,Active,0,2024-06-08
L000196,1170,57869.81,12.52,Active,0,2023-06-30
L000548,cust_01793,"160,718",10.77,Closed,0,2024-01-30
L000786,C01411,16052.44,7.87,Active,0,2024-02-05
L000642,cust_01507,19848.19,4.04,Active,0,2023-04-04
L001095,C01775,35612.77,2.2,closed,0,2024-01-30
L000947,C01753,132037.58,150,Active,1,2022-05-01
L000956,C01451,163062.9,6.44,Charged Off,1,2023-09-04
L001232,C01041,86220.38,10.74,Active,0,2024-06-04
L001247,C01186,54046.31,10.96,Active,0,2022-07-27
L001063,C01661,80685.54,2.5,Open,0,2023-08-11
L001109,C01534,235091.39,8.56,Active,No,2022-01-04
L001047,C01071,18670.77,14.44,Active,0,2024-05-01
L000789,C01252,53894.29,13.01,Closed,0,2022-08-06
L000272,C01722,78368.07,7.47,Active,0,2022-03-10
L001125,C01022,73273.88,9.18,Active,0,2022-09-05
L000845,C01786,45270 USD,7.0,Active,1,2022-07-22
L000174,C01154,237172.14,11.81,Open,0,2023-09-15
L000038,C01122,"26,542",7.22,Active,0,2023-07-04
L000747,C01375,51099.76,5.08,ACTIVE,0,2023-04-28
L000512,C01734,12455.91,5.14,Active,0,2024-02-14
L001035,C01809,"42,806",8.18,Active,No,2022-05-01
L001213,C01606,18842.88,12.36,Active,Good,2023-10-12
L000203,C01311,46295.06,9.13,Active,No,2022-11-20
L000812,C01184,160564 CAD,6.07,Active,0,2023-09-22
L000657,C01774,180210.34,5.94,Open,0,2024-02-05
L000634,C01536,34786 CAD,13.62,Active,0,2023-08-29
L001116,C01322,11818.23,3.33,Closed,N,2024-04-17
L001173,C01426,81113 CAD,8.28,Active,0,2023-09-01
L000337,C01491,19312.02,9.83,Closed,0,2022-02-14
L000499,C01686,63235.06,6.78,Active,0,2023-07-21
L000047,C01745,90715.98,8.59,active,0,2022-04-28
L000953,C01110,66170.07,7.39,Active,0,2022-07-21
L000761,C01653,48883.9,10.02,Active,0,2024-03-07
L000007,C01306,27016.52,13.5,Active,0,2023-09-28
L000106,C01645,91679.82,7.89,Active,0,2022-09-15
L001001,C01845,57118.09,7.6,Active,0,2023-07-01
L000192,C01814,12136.21,8.22,Active,FALSE,2023-06-12
L000846,C01411,93771.39,4.91,Active,0,2022-07-29
L000602,C01566,100377.74,8.83,Active,0,2022-12-01
L000457,C01566,109072.36,3.22,Active,0,2022-08-11
L000671,C01201,39678.34,9.67%,Active,1,2023-02-15
L001195,C01141,44392.08,10.34,Active,0,2022-04-25
L000035,01037,5128.66,14.51,Current,0,2023-10-20
L000809,C-01768,27213.44,6.71,Active,No,2023-01-22
L000440,01743,40736.07,4.89,Active,No,2022-09-30
L001121,C01672,105695.64,10.55,Closed,1,2023-01-29
L000652,C01461,210893.17,10.77,Active,Default,2023-02-12
L001200,01672,24537 CAD,5.13,Charged Off,1,2022-11-23
L001174,C01556,97872.77,14.98,Active,0,2022-04-06
L000600,C01478,"$31,786.99",12.58,Active,0,2023-05-21
L001017,C01615,30197.85,6.07,Complete,0,2022-10-01
L000628,C01197,32709 CAD,13.2,Active,0,2023-01-10
L001071,C01269,45753.43,13.84,Closed,0,2022-03-01
L000959,C01326,172664.97,11.19,Active,0,2024-05-05
L001016,C01729,151742 CAD,8.61,Active,0,2023-05-08
L000408,C01805,87227.38,8.28,Active,0,2024-01-04
L000643,C01750,52739.07,7.73,Active,0,2023-10-31
L000493,C01517,"$65,984.61",8.94,Active,0,2023-11-13
L000124,C01122,50540.29,6.69,Active,0,2023-06-03
L000792,C01296,"$134,100.32",7.94,Active,0,2022-01-17
L000948,C01188,52401.62,10.43,Active,1,2023-05-08
L000779,C01354,85980 CAD,4.45,Closed,0,2022-05-17
L000577,1281,-68328.19,9.45,Active,0,2024-05-17
L000532,C01133,44852.63,6.15,Active,0,2023-07-23
L000320,C01596,"$69,677.26",5.7,charged off,FALSE,2023-02-18
L000767,C01613,171025 USD,7.54,Active,0,2024-02-19
L001208,C01622,21199 CAD,9.69%,Paid Off,0,2023-07-14
L001018,C01835,84442.27,13.21,Active,Good,2024-01-27
L000935,C01742,32941.31,6.75,Active,0,2023-02-27
L000898,C01681,63494 CAD,8.66,Active,N,2022-06-29
L000297,C01669,92699.35,10.31,Open,1,2022-12-23
L000061,C01703,24940 CAD,9.18,Active,0,2022-03-21
L000544,C01519,22683.66,6.38,Active,1,2023-04-17
L000914,01188,47265.96,10.51,Active,0,2023-12-04
L000146,C-01351,105480 USD,14.49,Active,0,2023-12-16
L000667,C01073,22121.68,5.64%,Closed,N,2024-02-27
L000513,C01491,14256.05,7.47,Charged Off,1,2024-03-20
L000332,C01532,66347.09,8.31,Active,0,2022-11-08
L000717,C-01283,"70,181",10.25,Active,1,2022-07-08
L001221,C01545,21604.48,12.04,Active,0,2023-06-10
L000538,C01258,44807 USD,nan,Current,FALSE,2023-12-01
L000393,C01225,79727 USD,4.58,Closed,0,2022-02-27
L000906,C01656,31401.81,11.17,Charged Off,0,2022-08-25
L000828,1560,"89,858",8.58,Active,0,2022-04-24
L001216,C01080,177191.95,12.41,Active,0,2023-12-21
L000646,C01847,29921.03,5.5, Active ,Good,2022-09-28
L000076,C01426,177330.71,7.71,Active,0,2023-10-29
L000102,C01488,"66,497",14.05,Active,0,2024-01-15
L000396,C01289,85532.75,4.96,Active,FALSE,2022-03-07
L001239,C01378,84343 CAD,10.45,Active,1,2022-04-03
L000423,C01739,104985.76,8.51,Active,0,2023-04-30
L000893,C01207,51636.54,6.97,Active,0,2024-04-14
L000258,C01411,80085.36,7.46, Active ,0,2024-01-28
L001136,C01524,13785.49,7.89,Active,0,2024-04-12
L001204,C01729,38503 CAD,150,Active,0,2024-03-26
L000181,C01763,20270.35,10.2,Active,0,2023-06-29
L000069,C01310,42948.8,11.25,Closed,0,2022-04-21
L000111,C01266,16701 USD,9.23%,Active,0,2023-09-17
L001248,C01375,50479.86,,Active,0,2023-02-24
L000377,C01352,47815 CAD,10.45%,Active,0,2023-07-30
L000301,C01086,-101352.72,7.03,Active,0,2023-09-03
L001012,C01486,36204 CAD,11.5,Closed,0,2024-06-07
L001114,C01793,44638 CAD,10.92%,Charged Off,0,2023-06-21
L000132,C01189,78859.86,8.79,Closed,0,2022-08-09
L000119,C01559,168340.23,8.23,Active,No,2023-12-11
L001088,C01715,48807.81,13.38, Active ,0,2024-03-31
L000346,C01443,117999.44,8.92,Charged Off,1,2022-07-17
L001014,C01423,35096.18,7.01,Active,0,2022-11-28
L000685,C01484,68505.1,12.39,Active,0,2023-01-11
L001083,C01693,93622.27,7.58,active,0,2023-10-23
L000077,C01666,"$344,752.77",7.84%,Closed,0,2022-10-22
L000597,C01136,30434.38,6.91,Active,0,2023-03-15
L000740,C01683,14204.81,7.86,Closed,0,2022-06-30
L000553,C01338,185185 USD,4.68,Closed,0,2022-02-15
L001023,C01097,71962.49,5.6,charged off,1,2023-10-24
L000984,C01165,37553.18,6.09,Active,FALSE,2022-05-04
L000943,C01747,66480.68,7.13,active,0,2023-07-15
L000435,C01745,56136.01,10.25,Closed,0,2024-05-18
L000387,C01360,21273.79,11.72%,Active,0,2023-03-12
L000648,C01159,109119.81,2.2,Active,0,2023-11-16
L000865,C01219,117023.48,8.46,Current,Yes,2023-10-19
L001233,C01793,100454.2,9.99,Closed,Good,2023-12-16
L000782,01039,50848 CAD,4.31,Charged Off,1,2022-06-30
L001008,C01460,15638 CAD,6.55,CLOSED,0,2022-11-24
L000228,C01811,49323.35,5.82,Current,FALSE,2023-02-07
L000769,C01498,37471.33,7.74,Active,Yes,2024-03-14
L000057,C01482,"$171,698.03",11.59,Closed,0,2024-05-15
L000022, C01843 ,66223 CAD,6.68,Current,0,2024-01-01
L001024,C01123,20158.58,4.09,Active,0,2023-05-17
L000910,C01586,"62,194",6.2,Active,0,2022-05-15
L000712,C01322,"$42,885.27",11.56,Closed,0,2024-01-05
L001038,C01712,53044.44,5.89,Active,0,2023-06-30
L001153,C01667,"36,958",,Active,0,2022-11-30
L000218,C01840,51666.77,11.39,Closed,0,2022-07-24
L000330,cust_01562,30224.56,12.87,Closed,0,2023-06-17
L001117,C01017,33219.92,8.99,Open,0,2023-06-06
L000805,1536,21872.64,7.28,Active,0,2023-07-27
L000400,C01190,"$62,215.40",5.05,Active,No,2023-03-03
L001028,C01134,96299.41,9.81, Active ,1,2023-12-24
L000476,C01819,58556 USD,12.02,Open,FALSE,2023-04-16
L000915,1349,116793.72,7.32,Active,0,2023-05-04
L000463,C01591,61079.7,6.04,Charged Off,0,2022-10-26
L000825,C01496,144784.79,11.57,Closed,0,2023-07-06
L000861, C01649 ,112366.85,12.39,Closed,0,2022-05-10
L000085,C01356,40732.73,10.98,Written Off,1,2023-04-11
L000520,C01138,20570 CAD,7.84,Closed,0,2022-02-24
L001154,C01584,337967 CAD,6.73,Closed,FALSE,2023-02-19
L000760,C01295,75583.93,5.77,Active,1,2023-08-02
L000771,C01704,"130,490",6.11,Active,N,2022-03-27
L000871,C01697,"$134,332.36",11.84,Active,0,2024-05-24
L000277,C01311,69781.71,9.64,Active,0,2023-05-25
L000107,C01835,91283.41,13.71,Charged Off,Good,2023-01-08
L000053,C01099,16795.73,2.2,Paid Off,0,2024-03-09
L000610,C01412,57105.15,8.42,Active,Yes,2024-02-25
L000465,C01361,85602.09,9.13,active,0,2023-03-31
L000312, C01415 ,269286.58,7.36,Active,0,2023-10-31
L000092,C01823,"73,407",10.14,Active,0,2023-01-12
L001077,C01514,57790.59,12.44,Active,0,2024-06-08
L000214,C01540,41880.73,6.45,Closed,0,2024-04-04
L000958,1762,84268.44,2.42,Active,1,2023-10-30
L000395,C01723,70946.12,11.30%,Active,0,2022-09-19
L000434,C01657,31585.47,10.66,Active,N,2024-06-07
L001231,C01283,"$34,001.26",2.2,Closed,0,2022-04-01
L000484,C01009,53939.47,10.23,Active,0,2022-03-26
L001042, C01704 ,250000.0,2.2,Active,0,2023-11-12
L001192,C01320,-36898.77,9.98,Active,FALSE,2024-02-08
L000754,1269,25320.86,8.91,Closed,0,2023-10-31
L000887,01479,"100,322",14.29,Active,Good,2022-12-16
L000089,C01118,34939.57,6.91%,Active,0,2022-11-29
L001138,C01423,175781.91,15.02,Active,0,2023-01-28
L000691,C01658,14573.46,12.0,Closed,0,2022-02-10
L000679,C01066,240207.76,10.87,Active,0,2023-03-18
L000469,C01774,106561.08,4.26,Charged Off,0,2023-01-05
L000700,C01579,27556 USD,10.33,Active,Good,2022-04-10
L000675,C01794,15351.67,10.68,Open,0,2024-04-04
L000116,C01762,94792.06,6.47,Charged Off,1,2023-04-06
L000020,C01479,31139.53,10.37,Active,0,2023-11-04
L000902,C01562,69867.1,13.56,Active,0,2022-06-03
L000042,C01225,111554.44,10.55,Active,N,2023-10-09
L000999,01631,80208.76,6.91,Active,0,2023-12-03
L000397,C01727,146704.58,8.77%,Active,0,2024-01-17
L001167,C01828,74999.94,10.88,Active,0,2023-07-12
L000179, C01410 ,9836.26,6.85,Closed,N,2022-09-15
L000334,C01508,164146 CAD,8.26,Active,Yes,2023-02-05
L000821,C01568,26293.03,9.42,Active,0,2023-10-20
L001100,C01631,250000.0,13.72, Active ,No,2023-05-11
L000109,cust_01076,386034 CAD,9.84,Active,0,2022-04-12
L000850,01576,25940.5,8.21,Active,0,2024-04-13
L000832,C01615,"$37,328.31",6.8,ACTIVE,0,2022-06-16
L000839,C01624,99158.76,10.57%,Active,0,2022-08-06
L000574, C01118 ,-83006.88,10.17,Charged Off,1,2022-12-24
L000540,C01088,-49163.68,6.37,Closed,0,2024-05-16
L000707,C01804,85436.36,3.92,Complete,0,2022-02-16
L001134,C01530,122907 USD,8.91%,Current,0,2022-06-30
L000247,C01527,14451.39,14.23,Closed,0,2022-07-24
L000104,C01309,"$219,225.09",6.02, Active ,1,2022-02-23
L000485,01814,50563.78,9.68,Active,0,2022-11-20
L001062,C01013,48489.49,9.71,Active,0,2022-05-24
L001078,C01531,76108.42,14.82,Active,0,2022-09-08
L000951,C01172,"$46,695.37",8.74,Active,0,2023-04-13
L000072,C01254,63035.7,9.19,Active,0,2022-11-13
L000595,C01072,-60062.85,10.21,Active,0,2023-03-06
L000380,C01267,42669.62,8.65,Written Off,1,2022-10-16
L001196,C01742,97635.95,8.0,Charged Off,TRUE,2022-08-24
L000278,C-01843,84015.6,13.12,Closed,0,2024-06-04
L000164,C01128,"$108,948.17",12.76,Active,0,2024-05-09
L001163,C01316,24872.18,5.76, Active ,0,2023-05-26
L000596,C01841,93061.51,7.45,Active,0,2024-04-18
L001151,C01423,48494.44,9.2,Active,0,2023-08-02
L000004,C01412,31158.11,4.78,Closed,0,2023-05-26
L000963,C01231,71266.69,10.36,Active,0,2023-12-03
L000313,C01020,39117.51,12.33,Charged Off,1,2024-02-23
L000290,C01507,43484.52,6.39,Closed,0,2023-05-19
L000632,C01658,68564.57,8.77,Closed,0,2023-01-02
L001031,C01441,86325.65,6.74,Active,0,2022-05-05
L000701,C01304,28049.29,10.81,Charged Off,No,2023-01-26
L001010,C01213,23642.37,10.37,Active,0,2024-03-13
L001250,01090,22112.2,6.51,Closed,0,2023-06-28
L001081,C01400,42039.55,9.99,Charged Off,1,2023-08-16
L000689,C01741,93396.0,6.38,Current,0,2024-02-25
L000215,C01571,100498.5,9.54,Active,0,2023-04-09
L000265,C01106,37714 CAD,9.06,Closed,FALSE,2023-01-22
L000807,C01191,36522.74,6.88,active,0,2022-01-12
L001061,C01282,56296.89,7.4,Active,0,2022-03-28
L000868,C01577,42017.05,14.16,Active,FALSE,2023-08-12
L000254,C01168,41590.86,9.22,closed,No,2023-09-06
L000711, C01712 ,89315.45,3.87,Active,0,2024-04-23
L000924,C01540,26601.99,12.36,Charged Off,0,2023-11-14
L000002,C01622,31975.49,15.05,Charged Off,Good,2022-11-15
L000262,C01599,37327 CAD,7.17,Active,0,2023-08-12
L000983,C01012,133746.53,2.2,Active,0,2022-09-26
L000723,C01195,187205.06,9.72,CLOSED,1,2023-07-13
L000392,C01144,59181.08,5.84,Active,0,2022-10-04
L000259, C01765 ,135891.15,4.96,Active,No,2023-03-03
L000878,C01340,70500.87,8.18,Active,0,2022-12-17
L000637,C01840,82452.92,10.80%,Active,0,2022-06-09
L000500,C01196,"69,481",12.87,Active,0,2024-03-26
L000143,C01626,123961.13,10.96,Active,0,2022-01-28
L000691,C01658,14573.46,12.0,Closed,0,2022-02-10
L000623,C01094,57887.7,8.92%,Active,Good,2022-07-23
L000763,C01565,50502.54,12.12,Active,0,2022-08-07
L001057,C01733,21158 CAD,6.3,Active,0,2023-09-26
L000501,C01386,64383.19,10.74,Active,Good,2023-10-25
L000382,C01795,13753.74,10.76,Active,N,2022-02-19
L000159,C01531,113654.41,10.41,Active,N,2022-08-05
L000260,C01230,30817 CAD,5.95,Closed,0,2023-07-22
L000524,C01422,17075.46,6.41,Active,No,2023-05-02
L001143,C01058,39007.58,4.83,Complete,0,2023-06-29
L000052,01335,26030 CAD,7.03%,Active,N,2024-03-10
L000467,1466,151084.81,2.2,Closed,0,2023-08-30
L000197,C01404,"152,844",2.75,Chargeoff,1,2024-03-18
L001179,C01711,"$76,680.14",10.05,Active,0,2023-12-19
L000534,01200,70862 USD,9.83,Active,0,2023-04-14
L000314,C01479,23763.16,11.93,Active,0,2022-08-14
L000448,C01193,190879.11,8.86,Closed,No,2022-11-20
L000459,C01713,136482.13,8.73,Active,1,2022-03-20
L000946,C01095,131197.93,6.16,Active,0,2023-09-28
L000891,C01447,71926.33,9.30%,active,0,2023-05-12
L000279,C01685,96328.29,9.08,closed,0,2024-04-29
L000494,1215,116653.59,13.37,Active,0,2024-03-21
L000810,C01036,40819.42,11.83,Active,0,2023-02-09
L000264,C01810,115870.06,14.56,Active,0,2024-05-13
L001156,C01004,78509.98,8.59%,Active,0,2022-06-26
L000170,C01765,93751 USD,8.4,Active,Good,2022-01-22
L000523,C01373,23051.46,8.14,Active,0,2022-08-03
L000964,C01316,118775.03,7.38%,Closed,1,2024-04-14
L000364,C01414,"$193,717.62",2.2,Active,TRUE,2023-05-31
L000306,C01764,54877.39,11.9,Active,0,2024-04-30
L000234,C01225,32729.38,6.0,Active,0,2023-11-15
L001046,C01592,-130270.31,10.43,Charged Off,1,2022-05-13
L001171,C01396,100586.99,11.23,Active,N,2023-05-16
L000401,C01247,16138.39,16.09,Active,0,2023-01-20
L000921,C01217,38804.92,8.34,Active,1,2023-04-29
L000971,C01396,147843.52,4.71,Active,0,2023-06-21
L000425,1690,151889.57,7.29,Active,0,2024-04-16
L000944,C01786,48603.0,8.05,Active,0,2023-01-27
L000639,C01070,108449 CAD,5.7,Active,No,2023-03-30
L000931,C01350,45291.08,14.07,Active,0,2023-12-27
L000727,C01118,34515.26,11.04,Active,0,2022-04-25
L000758,C01641,24034.55,5.9,Active,0,2023-11-22
L000542,C01423,"150,249",12.0,Closed,1,2022-01-21
L000716,1535,41030 CAD,12.23,Active,0,2022-08-31
L000145,C01722,55752 CAD,9.58,Complete,0,2023-07-22
L000606,C01496,101419 USD,11.48,Active,0,2023-12-18
L000429,1585,211998.12,6.81,Active,1,2023-11-29
L001033,C01729,18587.42,7.61,Active,0,2022-03-14
L000522,C01435,76687.17,150,Active,0,2023-03-01
L000526,C01102,"$156,395.43",11.74,Paid Off,TRUE,2024-02-09
L000202, C01043 ,72639.67,11.6,Active,0,2023-10-14
L001013, C01312 ,134040.07,2.2,Active,0,2022-08-04
L001180,C01815,146041 CAD,7.82,Active,0,2024-01-16
L000840,C01625,21225 CAD,14.06,Active,N,2023-03-08
L000624,C01341,45856.96,7.09,Active,0,2024-03-12
L000588,C01100,46302.59,8.79,Active,0,2023-02-26
L001058,C01384,"$24,197.15",9.73,Closed,FALSE,2023-09-16
L001155,C01284,132013.86,6.14,Written Off,1,2023-08-14
L001189,C01024,104559 CAD,9.3,Current,0,2023-03-30
L000451,C01511,46279.55,6.96,Active,0,2022-10-09
L001150,C01672,72210 CAD,7.39,Active,0,2022-09-03
L001019,C01475,31452.33,5.41,Active,0,2024-01-30
L000207,C01696,"28,499",5.83,Active,0,2022-05-30
L000460,C01231,"$36,010.73",11.03%,Current,0,2023-07-07
L000097,C01226,116865.74,13.11,Closed,1,2022-10-19
L000838,C01203,128803.16,9.89,Active,0,2022-03-27
L001015,C01578,108696.3,10.98,Active,0,2023-01-23
L000996,C01715,38334 CAD,5.35,Active,FALSE,2022-09-25
L000416,C01706,74713.95,11.94,Active,0,2024-03-05
L000841,C01542,89672.22,12.03,Closed,0,2022-02-07
L001004,C01289,35553.14,7.93,charged off,1,2024-05-01
L000283,C01702,83573.77,8.93, Active ,0,2023-02-24
L000937,C01483,20966.98,10.9,Closed,0,2022-03-13
L000213,C01101,41709.27,10.74,Active,0,2022-12-15
L000062,C01217,128041.33,2.37,ACTIVE,0,2022-03-01
L001133,C-01801,43146.75,10.06,Active,0,2023-05-03
L000852,C01234,142413.08,7.41,Active,0,2023-07-24
L000261,C01583,250000.0,6.58,Active,0,2022-06-17
L000974,C01556,"$25,901.11",10.46,Active,Good,2022-04-25
L001128, C01410 ,55322.57,5.13,Active,N,2022-05-01
L000095,C01571,"$106,989.82",9.18,ACTIVE,0,2023-08-09
L001161,C01488,83533.59,8.53,closed,Good,2023-11-14
L000651,01850,97611.58,13.97,Open,0,2022-04-02
L000290,C01507,43484.52,6.39,Closed,0,2023-05-19
L001130,C01066,40367.83,nan,Active,0,2024-04-06
L000941,C01670,82148.7,13.02,Closed,N,2024-01-07
L000990,C01754,197767.74,5.1,Current,0,2024-03-14
L001030,C01239,122509 CAD,12.67,Active,0,2022-03-15
L000885,nan,69487.59,6.12,Active,0,2024-04-04
L000436,C01434,95519.8,6.38,Active,0,2023-05-08
L001201,C01508,"101,020",7.52,Active,1,2023-05-19
L000529,C01588,330808.53,10.72,Closed,0,2022-10-12
L000461,C01517,57736.5,15.12,Active,0,2023-02-11
L000614,C01100,"$94,110.81",8.24%,Active,Good,2023-07-15
L000051,C01687,250000.0,12.7,Charged Off,No,2024-05-24
L000166,C01504,"$53,379.48",9.38,Current,0,2022-05-06
L000749,C01665,44225 USD,10.16,Active,0,2022-11-19
L000087,1059,"42,468",12.91%,Active,0,2023-05-06
L000229,cust_01005,101111.17,5.65,Closed,0,2023-08-21
L000400,C01190,"$62,215.40",5.05,Active,No,2023-03-03
L000793,C01049,23049.78,8.65,Active,0,2024-02-19
L000773,C01094,44392.53,7.96,Active,Yes,2022-10-27
L000741,1131,148660.39,2.2,Closed,0,2022-09-25
L000572,C01833,51154.09,10.89,Closed,0,2024-01-10
L000653,C01195,64333.49,13.11,Active,N,2024-02-29
L000980,C01385,48621.39,6.27,Active,0,2023-03-20
L000820,C01131,84393.33,9.29,Current,0,2023-04-21
L000527,C01339,77020.49,7.52,Charged Off,1,2024-04-09
L000989,C01746,92565 CAD,nan,Active,0,2022-06-09
L000633,C01751,34172.75,3.24,Active,0,2022-05-04
L000509,C01383,64036.62,6.28,Active,0,2022-02-03
L000802,C01031,"$27,952.40",3.33,Active,0,2022-06-28
L000892,C01582,"13,966",10.47,Active,0,2022-05-31
L000581,C01062,60932 CAD,6.02,Active,0,2022-12-29
L000539,C01701,50719 CAD,7.34,Paid Off,0,2023-12-12
L001228,C01070,"95,319",7.86%,Active,0,2023-07-12
L000504,C01458,56091.74,9.36%,Active,0,2023-04-04
L001076,C01682,184016 CAD,8.94,Active,0,2023-09-03
L000822,C01622,41590.45,13.84,Active,Y,2022-05-11
L000041,1588,15647.15,11.55,Active,1,2022-08-20
L000359,C-01108,141448.6,7.84,Charged Off,0,2023-07-02
L000899,C01728,74983.47,11.85%,Paid Off,0,2022-02-17
L000877,C01243,69400 USD,4.63,Active,1,2023-10-05
L000303,C01226,105785 CAD,10.27,Active,0,2023-08-01
L001003,C01280,80938 CAD,4.71,active,1,2022-07-27
L001246,C01088,37430.14,6.89,Active,0,2023-01-16
L000420,C01103,19045.42,6.67,Active,0,2023-04-02
L000920,C01395,52425.08,7.27,Active,0,2022-04-11
L000190,C01671,40154 USD,nan,Active,1,2023-04-29
L000858,C01061,58446.02,7.31,Open,0,2023-05-24
L000483,C01424,153244.7,9.29,Active,0,2022-03-02
L000535,cust_01474,156129.18,5.36,Closed,1,2022-02-09
L000335,C01767,51981.67,9.2,Active,0,2024-01-13
L000137,C01653,40563 USD,7.33,Charged Off,0,2024-02-21
L000973,C01518,75933.32,11.66,Active,0,2022-09-15
L000246,1433,59890 USD,10.05, Active ,0,2023-07-04
L000357,C01338,63880.23,3.92,Active,0,2024-02-15
L000543,1067,15878.05,6.38%,Closed,0,2022-09-09
L000477,C01005,41122.99,12.88,Closed,0,2022-01-02
L000536, C01076 ,250000.0,15.15,Closed,0,2022-01-19
L000326,C01644,29102.02,6.95,Current,0,2022-02-17
L000551,01309,131121.66,12.78,Charged Off,1,2024-02-12
L000360,C01156,27071.41,15.81,Active,0,2022-07-06
L000889,C01140,56974.79,11.34,CLOSED,0,2024-05-22
L000031,01391,33699.38,7.3,Active,FALSE,2022-03-07
L000394,C01495,224894.8,15.7,Closed,0,2022-07-10
L000452,C01258,67784.0,7.45,Closed,0,2023-06-28
L001144,C01733,91690.65,5.9,Active,0,2023-08-10
L000907,1202,"$45,816.64",,Active,0,2022-11-12
L000338,C01173,103014.7,9.47,Closed,0,2023-09-26
L000048,C01040,38527.93,3.05%,Active,0,2022-10-10
L000110,C01471,15174.11,8.01,Active,Default,2024-02-04
L000966,C01056,"104,032",5.1,Active,0,2023-01-11
L001139,C01481,59709 USD,6.7,Active,0,2022-11-27
L000090,C01319,"$97,886.81",10.47%,Charged Off,1,2022-01-28
L001178,C01516,52090.36,10.62,Closed,0,2022-07-25
L000869,C01274,98786.67,16.09,Active,0,2022-04-26
L000975,C01044,103999.38,10.08, Active ,Default,2022-06-21
L000495,C01111,117013 CAD,12.18,active,0,2023-11-19
L000168,C01431,221608 CAD,9.25,Closed,FALSE,2022-03-11
L000138,C01477,"$11,077.94",13.64%,Closed,0,2022-07-24
L000431,C01347,21517.93,9.46,Closed,0,2022-06-05
L000005,C01835,73478.53,8.92,Active,0,2024-05-31
L001183,C01785,40059.98,8.47,Active,0,2022-03-20
L000913,C01685,14853 USD,8.71,Active,0,2022-08-23
L000552,C01239,"$141,291.74",2.2, Active ,0,2022-05-03
L001241,C01604,149451.56,2.99,Active,0,2024-03-06
L000576,C01591,33596.82,unknown,Closed,0,2022-07-04
L001034,C01282,107797.98,12.4,Active,1,2024-06-04
L000847,C01223,"$28,566.98",6.54,Active,0,2024-02-02
L000756,C01414,112615.7,11.21%,Active,Good,2022-02-09
L000180,C01313,24702.99,9.25,Active,0,2023-02-01
L000590,C01728,58005.07,7.25,Active,0,2023-05-29
L000703,C01447,"51,368",9.2,Active,Yes,2024-01-14
L000498,C01357,-103257.73,9.01,Closed,0,2023-12-13
L000670,C01788,58840.02,8.01,Active,0,2022-11-28
L000240,01233,"$155,579.75",6.17,Active,0,2022-01-21
L000979,C01004,19108.26,7.42,Open,0,2023-02-15
L001089,C01198,"$83,980.65",7.15,Closed,0,2022-06-04
L000455,C01184,173799.6,6.6,Active,1,2023-02-18
L001101,C01514,51395.38,4.54,Active,0,2023-11-23
L001166,C01594,"$67,882.62",6.00%,Active,0,2024-03-27
L000481,C01221,64111.9,8.72,Charged Off,1,2022-03-01
L000830,1506,181038.3,3.03,Open,0,2023-09-18
L001223,C01474,21925.34,7.4,Current,No,2023-08-02
L000824,C01250,"56,119",11.14,Chargeoff,Y,2022-08-23
L000255,C01512,74972.34,11.04,Current,0,2024-02-29
L000147,C01783,17626.72,9.61,Active,0,2022-09-16
L000556,C01068,-54840.73,5.11,Active,0,2023-03-14
L000285,C-01534,41881.22,9.77,Active,0,2022-02-26
L000775,C01038,166904.47,10.29,Charged Off,Y,2022-03-21
L001097,C01685,361888.63,6.36,Active,0,2022-12-01
L001086,C01294,120228.94,11.57,Current,0,2022-03-31
L001068,C01455,221451.99,6.98,Active,0,2024-01-17
L001087,C01618,227424.23,7.75,Closed,0,2022-10-10
L000928,C01273,30141.87,9.24%,Active,0,2023-04-17
L000315,C01514,240169.57,7.06,Closed,N,2022-08-14
L000641,C01742,70396.68,9.77,Closed,0,2023-05-06
L000961,C01265,-398947.87,5.15,Active,0,2024-05-15
L000787,C01244,"119,705",6.09,Active,Default,2023-05-26
L000706,C01205,73595 CAD,unknown,Active,N,2024-01-29
L000071,01785,34373.59,7.38,Closed,0,2023-08-09
L001092,C01439,32978 CAD,6.47,active,1,2024-05-09
L000843,C01741,76708.32,250,Closed,0,2023-01-14
L000153,C-01800,97664.89,13.19,Active,Y,2023-07-02
L000629,C01106,71804 CAD,9.13,Active,FALSE,2023-03-08
L000482,C01131,"$174,829.31",7.35,Active,0,2022-04-15
L000177,C01041,67775 USD,6.22,Current,1,2024-06-04
L000790,C01090,331040.31,5.48,Active,1,2023-10-21
L000156,C01116,29306.29,8.0,Active,0,2022-04-15
L000972,C01548,60088 CAD,8.08,Active,1,2022-08-01
L000450,C01263,"$102,046.74",6.58,Closed,0,2023-06-23
L000091,C01259,57366.87,7.53,Closed,Good,2024-03-09
L001111,C01608,60801.47,8.86,Closed,0,2023-12-23
L000033,C01435,83874.53,6.51,Closed,0,2023-09-16
L000772,C01163,60697.28,13.3,Active,0,2023-08-20
L000139,C01748,25456.22,2.93,Charged Off,1,2022-11-12
L001021,C01840,28156.12,5.45,Active,0,2022-03-23
L000874,C01690,175082.52,8.59,Active,0,2023-09-28
L000882,C01843,36034 USD,8.1,Active,0,2022-05-16
L000288,C01776,"$49,015.95",9.09,Active,0,2024-03-07
L000206,C01660,129704.43,4.78, Active ,0,2022-11-19
L001084,C01345,161896.25,2.2,closed,0,2024-04-25
L000336,C01550,86956.46,5.71,Active,0,2023-08-21
L000496,C01399,20550 CAD,9.34%,Closed,0,2022-09-13
L000032,C01664,102223.24,9.13,Charged Off,Default,2023-05-09
L000729,C01613,73501.65,7.39,Active,Good,2022-03-19
L000113,C01370,"110,292",10.05,Charged Off,1,2023-07-11
L001148,C01847,"161,721",11.79,Charged Off,1,2024-01-30
L001080,C01762,"$62,984.49",8.27,Active,0,2022-06-04
L000608,C01627,74864.55,10.46,Active,0,2022-06-18
L000994,C01585,187606.39,11.12,Closed,0,2023-08-05
L000059,C01107,48886 CAD,11.36,Active,0,2022-03-06
L000183,C01646,154180.47,2.77,Active,0,2023-08-16
L000354,1690,102019.44,7.7,Active,0,2022-07-15
L000256,C01127,21824.17,6.74,Active,0,2023-05-02
L000082,C01390,401999.93,10.58,Active,0,2024-02-26
L000010,C01740,29957.31,10.91,Charged Off,Yes,2023-05-25
L000982,C01840,72538.11,6.46,Active,0,2023-09-15
L000017,C01009,"$45,269.33",7.2,Active,No,2022-08-16
L000817,C01776,"64,058",12.78,Active,0,2022-09-19
L001049,C01129,63752.54,12.93,Active,0,2022-01-06
L000762,C01781,52316.71,8.61,Active,0,2022-09-12
L000745,C01493,"16,439",12.23,active,0,2022-10-02
L000327,C01648,24345 CAD,8.65,Closed,0,2023-01-11
L000579,C01579,39499.79,5.49,Active,0,2024-03-10
L000728,C01786,48778.72,8.24,Active,0,2022-07-23
L000018,C01526,84536 USD,12.84,Active,0,2022-10-15
L001033,C01729,18587.42,7.61,Active,0,2022-03-14
L000998,C01430,65484.96,8.72,Active,0,2023-02-05
L000776,C01612,43746.88,10.59,Active,1,2023-10-22
L000304,C01559,"$76,646.22",9.53,Active,FALSE,2023-09-24
L000043,C01341,12796 USD,150,Charged Off,1,2023-12-03
L000366,C01774,"176,752",6.76,Closed,0,2022-01-26
L001129,C01134,74122.93,6.25,active,Good,2022-12-24
L001236,C01701,93912.93,8.74,Active,0,2022-05-08
L000148,C01357,45952.36,5.58,active,0,2022-06-22
L000355,C01456,49742.08,8.77,Closed,0,2022-07-01
L000433,nan,105740.13,9.41,Closed,0,2024-05-28
L000753,C01614,57623 CAD,9.35,Closed,0,2023-12-29
L000709,C01181,22048 CAD,2.2,Active,0,2022-02-04
L000708,C999105,117666.84,9.59,Active,1,2022-04-22
L000510,C01278,148640.19,12.02,Active,1,2023-06-30
L000865,C01219,117023.48,8.46,Current,Yes,2023-10-19
L000045, C01183 ,44031 CAD,10.57,active,0,2022-09-18
L001225,C01417,43980.3,10.43%,Active,0,2023-11-09
L000965,C01186,215105.4,9.92,Active,0,2023-09-12
L000535,cust_01474,156129.18,5.36,Closed,1,2022-02-09
L000638,C01539,160627.07,8.82%,Charged Off,1,2023-03-20
L000658,C01649,185833.72,11.66,Paid Off,0,2023-02-07
L000569,C01849,250000.0,9.24,Active,0,2022-05-28
L000127,C01328,"$250,000.00",10.64,ACTIVE,1,2022-08-29
L000799,C01761,31199.26,12.66,Active,0,2022-04-11
L000791,1670,91663.54,16.09,Active,0,2023-06-01
L000680,C01369,130025.61,11.7,charged off,1,2024-04-12
L000927, C01443 ,64712.62,15.46,Current,0,2022-11-06
L001124,cust_01562,74632.37,9.3,Charged Off,1,2022-08-04
L000570,C01249,163816.96,15.78,Active,0,2023-12-24
L000302,C01416,58270.49,11.99,Active,1,2023-04-18
L000371,C01066,56273.56,8.84,Active,0,2022-01-29
L000323,C01678,50416 CAD,8.42,Active,N,2023-10-25
L000978,C01171,"$24,021.98",7.12,Active,0,2022-06-08
L000940,C01051,41102.44,11.19,Active,N,2023-01-13
L001244,C01845,"250,000",7.43,Active,0,2022-01-06
L000930,C01026,"$17,976.40",5.17,Active,No,2024-04-24
L000884,C01142,66853.52,9.08,Active,N,2023-02-22
L000225,C01458,55597.86,5.94,Active,0,2023-02-24
L000294,C01706,81399.31,12.17,Active,0,2022-03-31
L000564,C01401,81839.92,5.6,Active,0,2024-03-24
L000678,C01505,"39,247",-3,Active,0,2022-06-07
L000857,C01117,"19,064",8.94,Closed,No,2023-12-08
L000060,C01655,44188.54,12.67,Closed,0,2023-01-22
L000985,1391,56907.33,11.39,Open,0,2023-07-03
L000862,C01493,37139 USD,6.84,Current,1,2022-03-21
L000778,C01606,65539.46,150,Active,0,2023-08-06
